id,amount,currency,status,created_at
order_base_0001,2105200,INR,paid,2026-08-01T13:48:00
order_base_0002,2437000,INR,paid,2026-08-01T18:36:00
order_base_0003,317000,INR,paid,2026-08-01T23:24:00
order_base_0004,1481900,INR,paid,2026-08-02T04:12:00
order_base_0005,519400,INR,paid,2026-08-02T09:00:00
order_base_0006,1137000,INR,paid,2026-08-02T13:48:00
order_base_0007,1818900,INR,paid,2026-08-02T18:36:00
order_base_0008,2176800,INR,paid,2026-08-02T23:24:00
order_base_0009,1495700,INR,paid,2026-08-03T04:12:00
order_base_0010,2249800,INR,paid,2026-08-03T09:00:00
order_base_0011,1253300,INR,paid,2026-08-03T13:48:00
order_base_0012,193200,INR,paid,2026-08-03T18:36:00
order_base_0013,2362400,INR,paid,2026-08-03T23:24:00
order_base_0014,2451100,INR,paid,2026-08-04T04:12:00
order_base_0015,728600,INR,paid,2026-08-04T09:00:00
order_base_0016,164300,INR,paid,2026-08-04T13:48:00
order_base_0017,218100,INR,paid,2026-08-04T18:36:00
order_base_0018,1769500,INR,paid,2026-08-04T23:24:00
order_base_0019,1434600,INR,paid,2026-08-05T04:12:00
order_base_0020,358600,INR,paid,2026-08-05T09:00:00
order_base_0021,661700,INR,paid,2026-08-05T13:48:00
order_base_0022,73800,INR,paid,2026-08-05T18:36:00
order_base_0023,2408300,INR,paid,2026-08-05T23:24:00
order_base_0024,551000,INR,paid,2026-08-06T04:12:00
order_base_0025,1031400,INR,paid,2026-08-06T09:00:00
order_base_0026,822300,INR,paid,2026-08-06T13:48:00
order_base_0027,242600,INR,paid,2026-08-06T18:36:00
order_base_0028,1092700,INR,paid,2026-08-06T23:24:00
order_base_0029,1881100,INR,paid,2026-08-07T04:12:00
order_base_0030,1422400,INR,paid,2026-08-07T09:00:00
order_base_0031,1329300,INR,paid,2026-08-07T13:48:00
order_base_0032,633200,INR,paid,2026-08-07T18:36:00
order_base_0033,1813300,INR,paid,2026-08-07T23:24:00
order_base_0034,1341700,INR,paid,2026-08-08T04:12:00
order_base_0035,879000,INR,paid,2026-08-08T09:00:00
order_base_0036,2403700,INR,paid,2026-08-08T13:48:00
order_base_0037,632200,INR,paid,2026-08-08T18:36:00
order_base_0038,197300,INR,paid,2026-08-08T23:24:00
order_base_0039,1959800,INR,paid,2026-08-09T04:12:00
order_base_0040,278600,INR,paid,2026-08-09T09:00:00
order_base_0041,2356800,INR,paid,2026-08-09T13:48:00
order_base_0042,1511700,INR,paid,2026-08-09T18:36:00
order_base_0043,444000,INR,paid,2026-08-09T23:24:00
order_base_0044,526900,INR,paid,2026-08-10T04:12:00
order_base_0045,2198400,INR,paid,2026-08-10T09:00:00
order_base_0046,876600,INR,paid,2026-08-10T13:48:00
order_base_0047,1133500,INR,paid,2026-08-10T18:36:00
order_base_0048,2088400,INR,paid,2026-08-10T23:24:00
order_base_0049,2438800,INR,paid,2026-08-11T04:12:00
order_base_0050,128000,INR,paid,2026-08-11T09:00:00
order_base_0051,147000,INR,paid,2026-08-11T13:48:00
order_base_0052,346800,INR,paid,2026-08-11T18:36:00
order_base_0053,542400,INR,paid,2026-08-11T23:24:00
order_base_0054,2423500,INR,paid,2026-08-12T04:12:00
order_base_0055,531600,INR,paid,2026-08-12T09:00:00
order_base_0056,663900,INR,paid,2026-08-12T13:48:00
order_base_0057,87500,INR,paid,2026-08-12T18:36:00
order_base_0058,2112000,INR,paid,2026-08-12T23:24:00
order_base_0059,595100,INR,paid,2026-08-13T04:12:00
order_base_0060,2397200,INR,paid,2026-08-13T09:00:00
order_base_0061,1899300,INR,paid,2026-08-13T13:48:00
order_base_0062,1423200,INR,paid,2026-08-13T18:36:00
order_base_0063,994000,INR,paid,2026-08-13T23:24:00
order_base_0064,1387700,INR,paid,2026-08-14T04:12:00
order_base_0065,1805400,INR,paid,2026-08-14T09:00:00
order_base_0066,1910400,INR,paid,2026-08-14T13:48:00
order_base_0067,2421500,INR,paid,2026-08-14T18:36:00
order_base_0068,1027100,INR,paid,2026-08-14T23:24:00
order_base_0069,1368000,INR,paid,2026-08-15T04:12:00
order_base_0070,1319500,INR,paid,2026-08-15T09:00:00
order_base_0071,2290300,INR,paid,2026-08-15T13:48:00
order_base_0072,1750400,INR,paid,2026-08-15T18:36:00
order_base_0073,1805200,INR,paid,2026-08-15T23:24:00
order_base_0074,2099400,INR,paid,2026-08-16T04:12:00
order_base_0075,946200,INR,paid,2026-08-16T09:00:00
order_base_0076,2283900,INR,paid,2026-08-16T13:48:00
order_base_0077,214000,INR,paid,2026-08-16T18:36:00
order_base_0078,29300,INR,paid,2026-08-16T23:24:00
order_base_0079,2459400,INR,paid,2026-08-17T04:12:00
order_base_0080,904300,INR,paid,2026-08-17T09:00:00
order_base_0081,2049000,INR,paid,2026-08-17T13:48:00
order_base_0082,1414400,INR,paid,2026-08-17T18:36:00
order_base_0083,1081000,INR,paid,2026-08-17T23:24:00
order_base_0084,1777500,INR,paid,2026-08-18T04:12:00
order_base_0085,820200,INR,paid,2026-08-18T09:00:00
order_base_0086,724200,INR,paid,2026-08-18T13:48:00
order_base_0087,546600,INR,paid,2026-08-18T18:36:00
order_base_0088,2229500,INR,paid,2026-08-18T23:24:00
order_base_0089,1950100,INR,paid,2026-08-19T04:12:00
order_base_0090,1864400,INR,paid,2026-08-19T09:00:00
order_base_0091,1667900,INR,paid,2026-08-19T13:48:00
order_base_0092,1516400,INR,paid,2026-08-19T18:36:00
order_base_0093,895000,INR,paid,2026-08-19T23:24:00
order_base_0094,814400,INR,paid,2026-08-20T04:12:00
order_base_0095,1532700,INR,paid,2026-08-20T09:00:00
order_base_0096,1172600,INR,paid,2026-08-20T13:48:00
order_base_0097,43200,INR,paid,2026-08-20T18:36:00
order_base_0098,1570000,INR,paid,2026-08-20T23:24:00
order_base_0099,807200,INR,paid,2026-08-21T04:12:00
order_base_0100,1813500,INR,paid,2026-08-21T09:00:00
order_base_0101,641000,INR,paid,2026-08-21T13:48:00
order_base_0102,2384300,INR,paid,2026-08-21T18:36:00
order_base_0103,755400,INR,paid,2026-08-21T23:24:00
order_base_0104,1823200,INR,paid,2026-08-22T04:12:00
order_base_0105,1548100,INR,paid,2026-08-22T09:00:00
order_base_0106,1621300,INR,paid,2026-08-22T13:48:00
order_base_0107,823200,INR,paid,2026-08-22T18:36:00
order_base_0108,1722300,INR,paid,2026-08-22T23:24:00
order_base_0109,2044900,INR,paid,2026-08-23T04:12:00
order_base_0110,2174000,INR,paid,2026-08-23T09:00:00
order_base_0111,2268900,INR,paid,2026-08-23T13:48:00
order_base_0112,2262400,INR,paid,2026-08-23T18:36:00
order_base_0113,386000,INR,paid,2026-08-23T23:24:00
order_base_0114,1017900,INR,paid,2026-08-24T04:12:00
order_base_0115,1328900,INR,paid,2026-08-24T09:00:00
order_base_0116,1969600,INR,paid,2026-08-24T13:48:00
order_base_0117,2219500,INR,paid,2026-08-24T18:36:00
order_base_0118,141800,INR,paid,2026-08-24T23:24:00
order_base_0119,604700,INR,paid,2026-08-25T04:12:00
order_base_0120,1150100,INR,paid,2026-08-25T09:00:00
order_base_0121,2181100,INR,paid,2026-08-25T13:48:00
order_base_0122,298500,INR,paid,2026-08-25T18:36:00
order_base_0123,187600,INR,paid,2026-08-25T23:24:00
order_base_0124,1809600,INR,paid,2026-08-26T04:12:00
order_base_0125,528900,INR,paid,2026-08-26T09:00:00
order_base_0126,514500,INR,paid,2026-08-26T13:48:00
order_base_0127,483900,INR,paid,2026-08-26T18:36:00
order_base_0128,1369600,INR,paid,2026-08-26T23:24:00
order_base_0129,1933200,INR,paid,2026-08-27T04:12:00
order_base_0130,1818500,INR,paid,2026-08-27T09:00:00
order_base_0131,792500,INR,paid,2026-08-27T13:48:00
order_base_0132,1259200,INR,paid,2026-08-27T18:36:00
order_base_0133,1097800,INR,paid,2026-08-27T23:24:00
order_base_0134,1507200,INR,paid,2026-08-28T04:12:00
order_base_0135,2052200,INR,paid,2026-08-28T09:00:00
order_base_0136,1782800,INR,paid,2026-08-28T13:48:00
order_base_0137,332500,INR,paid,2026-08-28T18:36:00
order_base_0138,2284100,INR,paid,2026-08-28T23:24:00
order_base_0139,487000,INR,paid,2026-08-29T04:12:00
order_base_0140,1263500,INR,paid,2026-08-29T09:00:00
order_base_0141,846600,INR,paid,2026-08-29T13:48:00
order_base_0142,1457400,INR,paid,2026-08-29T18:36:00
order_base_0143,2272000,INR,paid,2026-08-29T23:24:00
order_base_0144,1259600,INR,paid,2026-08-30T04:12:00
order_base_0145,36500,INR,paid,2026-08-30T09:00:00
order_base_0146,947800,INR,paid,2026-08-30T13:48:00
order_base_0147,633000,INR,paid,2026-08-30T18:36:00
order_base_0148,1454400,INR,paid,2026-08-30T23:24:00
order_base_0149,1371500,INR,paid,2026-08-31T04:12:00
order_base_0150,549100,INR,paid,2026-08-31T09:00:00
order_scen_001_2076,500000,INR,created,2026-08-03T09:00:00
order_scen_002_r_9282,800000,INR,created,2026-08-06T09:00:00
order_scen_002_d_8048,800000,INR,created,2026-08-06T09:00:00
order_scen_003_7815,1000000,INR,created,2026-08-09T09:00:00
order_scen_004_2494,1500000,INR,created,2026-08-12T09:00:00
order_scen_005_7929,350000,INR,created,2026-08-15T09:00:00
order_scen_006_7022,500000,INR,created,2026-08-18T09:00:00
order_scen_007_5381,2000000,INR,created,2026-08-21T09:00:00
order_scen_008_3972,1200000,INR,created,2026-08-24T09:00:00
order_scen_009_1_9691,900000,INR,created,2026-08-27T09:00:00
order_scen_009_2_4524,900000,INR,created,2026-08-27T09:00:00
order_scen_010_3549,3000000,INR,created,2026-08-29T09:00:00
