settlement_line_id,settlement_id,source_event_id,source_event_type,payment_id,amount,fee,tax,net_amount,currency,event_timestamp,settlement_timestamp,provider
line_base_00001,setl_base_0001,pay_base_0001,PAYMENT,pay_base_0001,2105200,42104,7578,2055518,INR,2026-08-01T13:50:10,2026-08-04T09:00:00,razorpay
line_base_00002,setl_base_0001,pay_base_0012,PAYMENT,pay_base_0012,193200,3864,695,188641,INR,2026-08-03T18:38:59,2026-08-04T09:00:00,razorpay
line_base_00003,setl_base_0001,pay_base_0022,PAYMENT,pay_base_0022,73800,1476,265,72059,INR,2026-08-05T18:37:20,2026-08-04T09:00:00,razorpay
line_base_00004,setl_base_0001,pay_base_0032,PAYMENT,pay_base_0032,633200,12664,2279,618257,INR,2026-08-07T18:37:41,2026-08-04T09:00:00,razorpay
line_base_00005,setl_base_0001,pay_base_0043,PAYMENT,pay_base_0043,444000,8880,1598,433522,INR,2026-08-09T23:28:02,2026-08-04T09:00:00,razorpay
line_base_00006,setl_base_0001,pay_base_0053,PAYMENT,pay_base_0053,542400,10848,1952,529600,INR,2026-08-11T23:24:58,2026-08-04T09:00:00,razorpay
line_base_00007,setl_base_0001,pay_base_0064,PAYMENT,pay_base_0064,1387700,27754,4995,1354951,INR,2026-08-14T04:15:34,2026-08-04T09:00:00,razorpay
line_base_00008,setl_base_0001,pay_base_0074,PAYMENT,pay_base_0074,2099400,41988,7557,2049855,INR,2026-08-16T04:13:59,2026-08-04T09:00:00,razorpay
line_base_00009,setl_base_0001,pay_base_0085,PAYMENT,pay_base_0085,820200,16404,2952,800844,INR,2026-08-18T09:02:09,2026-08-04T09:00:00,razorpay
line_base_00010,setl_base_0001,pay_base_0095,PAYMENT,pay_base_0095,1532700,30654,5517,1496529,INR,2026-08-20T09:04:57,2026-08-04T09:00:00,razorpay
line_base_00011,setl_base_0001,pay_base_0106,PAYMENT,pay_base_0106,1621300,32426,5836,1583038,INR,2026-08-22T13:51:15,2026-08-04T09:00:00,razorpay
line_base_00012,setl_base_0001,pay_base_0117,PAYMENT,pay_base_0117,2219500,44390,7990,2167120,INR,2026-08-24T18:39:28,2026-08-04T09:00:00,razorpay
line_base_00013,setl_base_0001,pay_base_0128,PAYMENT,pay_base_0128,1369600,27392,4930,1337278,INR,2026-08-26T23:28:00,2026-08-04T09:00:00,razorpay
line_base_00014,setl_base_0001,pay_base_0138,PAYMENT,pay_base_0138,2284100,45682,8222,2230196,INR,2026-08-28T23:28:13,2026-08-04T09:00:00,razorpay
line_base_00015,setl_base_0001,pay_base_0149,PAYMENT,pay_base_0149,1371500,27430,4937,1339133,INR,2026-08-31T04:15:47,2026-08-04T09:00:00,razorpay
line_base_00016,setl_base_0001,rfnd_base_0007,REFUND,pay_base_0004,1481900,0,0,-1481900,INR,2026-08-03T16:30:46,2026-08-04T09:00:00,razorpay
line_base_00017,setl_base_0002,pay_base_0002,PAYMENT,pay_base_0002,2437000,48740,8773,2379487,INR,2026-08-01T18:36:52,2026-08-07T09:00:00,razorpay
line_base_00018,setl_base_0002,pay_base_0013,PAYMENT,pay_base_0013,2362400,47248,8504,2306648,INR,2026-08-03T23:26:01,2026-08-07T09:00:00,razorpay
line_base_00019,setl_base_0002,pay_base_0023,PAYMENT,pay_base_0023,2408300,48166,8669,2351465,INR,2026-08-05T23:29:13,2026-08-07T09:00:00,razorpay
line_base_00020,setl_base_0002,pay_base_0033,PAYMENT,pay_base_0033,1813300,36266,6527,1770507,INR,2026-08-07T23:26:46,2026-08-07T09:00:00,razorpay
line_base_00021,setl_base_0002,pay_base_0044,PAYMENT,pay_base_0044,526900,10538,1896,514466,INR,2026-08-10T04:17:05,2026-08-07T09:00:00,razorpay
line_base_00022,setl_base_0002,pay_base_0054,PAYMENT,pay_base_0054,2423500,48470,8724,2366306,INR,2026-08-12T04:14:59,2026-08-07T09:00:00,razorpay
line_base_00023,setl_base_0002,pay_base_0065,PAYMENT,pay_base_0065,1805400,36108,6499,1762793,INR,2026-08-14T09:05:05,2026-08-07T09:00:00,razorpay
line_base_00024,setl_base_0002,pay_base_0075,PAYMENT,pay_base_0075,946200,18924,3406,923870,INR,2026-08-16T09:02:57,2026-08-07T09:00:00,razorpay
line_base_00025,setl_base_0002,pay_base_0086,PAYMENT,pay_base_0086,724200,14484,2607,707109,INR,2026-08-18T13:50:22,2026-08-07T09:00:00,razorpay
line_base_00026,setl_base_0002,pay_base_0096,PAYMENT,pay_base_0096,1172600,23452,4221,1144927,INR,2026-08-20T13:51:31,2026-08-07T09:00:00,razorpay
line_base_00027,setl_base_0002,pay_base_0107,PAYMENT,pay_base_0107,823200,16464,2963,803773,INR,2026-08-22T18:39:19,2026-08-07T09:00:00,razorpay
line_base_00028,setl_base_0002,pay_base_0118,PAYMENT,pay_base_0118,141800,2836,510,138454,INR,2026-08-24T23:28:38,2026-08-07T09:00:00,razorpay
line_base_00029,setl_base_0002,pay_base_0129,PAYMENT,pay_base_0129,1933200,38664,6959,1887577,INR,2026-08-27T04:15:52,2026-08-07T09:00:00,razorpay
line_base_00030,setl_base_0002,pay_base_0139,PAYMENT,pay_base_0139,487000,9740,1753,475507,INR,2026-08-29T04:13:54,2026-08-07T09:00:00,razorpay
line_base_00031,setl_base_0002,pay_base_0150,PAYMENT,pay_base_0150,549100,10982,1976,536142,INR,2026-08-31T09:02:02,2026-08-07T09:00:00,razorpay
line_base_00032,setl_base_0002,rfnd_base_0001,REFUND,pay_base_0021,330850,0,0,-330850,INR,2026-08-06T22:06:51,2026-08-07T09:00:00,razorpay
line_base_00033,setl_base_0002,adj_base_0002,ADJUSTMENT,,5100,0,0,5100,INR,2026-08-06T09:00:00,2026-08-07T09:00:00,razorpay
line_base_00034,setl_base_0003,pay_base_0003,PAYMENT,pay_base_0003,317000,6340,1141,309519,INR,2026-08-01T23:28:23,2026-08-10T09:00:00,razorpay
line_base_00035,setl_base_0003,pay_base_0014,PAYMENT,pay_base_0014,2451100,49022,8823,2393255,INR,2026-08-04T04:16:22,2026-08-10T09:00:00,razorpay
line_base_00036,setl_base_0003,pay_base_0024,PAYMENT,pay_base_0024,551000,11020,1983,537997,INR,2026-08-06T04:15:02,2026-08-10T09:00:00,razorpay
line_base_00037,setl_base_0003,pay_base_0034,PAYMENT,pay_base_0034,1341700,26834,4830,1310036,INR,2026-08-08T04:13:00,2026-08-10T09:00:00,razorpay
line_base_00038,setl_base_0003,pay_base_0045,PAYMENT,pay_base_0045,2198400,43968,7914,2146518,INR,2026-08-10T09:01:36,2026-08-10T09:00:00,razorpay
line_base_00039,setl_base_0003,pay_base_0055,PAYMENT,pay_base_0055,531600,10632,1913,519055,INR,2026-08-12T09:04:49,2026-08-10T09:00:00,razorpay
line_base_00040,setl_base_0003,pay_base_0066,PAYMENT,pay_base_0066,1910400,38208,6877,1865315,INR,2026-08-14T13:53:26,2026-08-10T09:00:00,razorpay
line_base_00041,setl_base_0003,pay_base_0076,PAYMENT,pay_base_0076,2283900,45678,8222,2230000,INR,2026-08-16T13:52:59,2026-08-10T09:00:00,razorpay
line_base_00042,setl_base_0003,pay_base_0087,PAYMENT,pay_base_0087,546600,10932,1967,533701,INR,2026-08-18T18:39:50,2026-08-10T09:00:00,razorpay
line_base_00043,setl_base_0003,pay_base_0097,PAYMENT,pay_base_0097,43200,864,155,42181,INR,2026-08-20T18:39:22,2026-08-10T09:00:00,razorpay
line_base_00044,setl_base_0003,pay_base_0108,PAYMENT,pay_base_0108,1722300,34446,6200,1681654,INR,2026-08-22T23:27:47,2026-08-10T09:00:00,razorpay
line_base_00045,setl_base_0003,pay_base_0119,PAYMENT,pay_base_0119,604700,12094,2176,590430,INR,2026-08-25T04:13:51,2026-08-10T09:00:00,razorpay
line_base_00046,setl_base_0003,pay_base_0130,PAYMENT,pay_base_0130,1818500,36370,6546,1775584,INR,2026-08-27T09:02:55,2026-08-10T09:00:00,razorpay
line_base_00047,setl_base_0003,pay_base_0140,PAYMENT,pay_base_0140,1263500,25270,4548,1233682,INR,2026-08-29T09:03:14,2026-08-10T09:00:00,razorpay
line_base_00048,setl_base_0003,rfnd_base_0006,REFUND,pay_base_0025,1031400,0,0,-1031400,INR,2026-08-07T18:19:33,2026-08-10T09:00:00,razorpay
line_base_00049,setl_base_0003,rfnd_base_0010,REFUND,pay_base_0033,906650,0,0,-906650,INR,2026-08-08T10:41:46,2026-08-10T09:00:00,razorpay
line_base_00050,setl_base_0003,adj_base_0007,ADJUSTMENT,,21500,0,0,21500,INR,2026-08-10T09:00:00,2026-08-10T09:00:00,razorpay
line_base_00051,setl_base_0004,pay_base_0004,PAYMENT,pay_base_0004,1481900,29638,5334,1446928,INR,2026-08-02T04:15:46,2026-08-13T09:00:00,razorpay
line_base_00052,setl_base_0004,pay_base_0015,PAYMENT,pay_base_0015,728600,14572,2622,711406,INR,2026-08-04T09:02:09,2026-08-13T09:00:00,razorpay
line_base_00053,setl_base_0004,pay_base_0025,PAYMENT,pay_base_0025,1031400,20628,3713,1007059,INR,2026-08-06T09:04:33,2026-08-13T09:00:00,razorpay
line_base_00054,setl_base_0004,pay_base_0035,PAYMENT,pay_base_0035,879000,17580,3164,858256,INR,2026-08-08T09:04:55,2026-08-13T09:00:00,razorpay
line_base_00055,setl_base_0004,pay_base_0046,PAYMENT,pay_base_0046,876600,17532,3155,855913,INR,2026-08-10T13:51:07,2026-08-13T09:00:00,razorpay
line_base_00056,setl_base_0004,pay_base_0056,PAYMENT,pay_base_0056,663900,13278,2390,648232,INR,2026-08-12T13:50:45,2026-08-13T09:00:00,razorpay
line_base_00057,setl_base_0004,pay_base_0067,PAYMENT,pay_base_0067,2421500,48430,8717,2364353,INR,2026-08-14T18:39:18,2026-08-13T09:00:00,razorpay
line_base_00058,setl_base_0004,pay_base_0077,PAYMENT,pay_base_0077,214000,4280,770,208950,INR,2026-08-16T18:40:19,2026-08-13T09:00:00,razorpay
line_base_00059,setl_base_0004,pay_base_0088,PAYMENT,pay_base_0088,2229500,44590,8026,2176884,INR,2026-08-18T23:26:20,2026-08-13T09:00:00,razorpay
line_base_00060,setl_base_0004,pay_base_0098,PAYMENT,pay_base_0098,1570000,31400,5652,1532948,INR,2026-08-20T23:28:46,2026-08-13T09:00:00,razorpay
line_base_00061,setl_base_0004,pay_base_0110,PAYMENT,pay_base_0110,2174000,43480,7826,2122694,INR,2026-08-23T09:04:32,2026-08-13T09:00:00,razorpay
line_base_00062,setl_base_0004,pay_base_0120,PAYMENT,pay_base_0120,1150100,23002,4140,1122958,INR,2026-08-25T09:05:06,2026-08-13T09:00:00,razorpay
line_base_00063,setl_base_0004,pay_base_0131,PAYMENT,pay_base_0131,792500,15850,2853,773797,INR,2026-08-27T13:53:22,2026-08-13T09:00:00,razorpay
line_base_00064,setl_base_0004,pay_base_0141,PAYMENT,pay_base_0141,846600,16932,3047,826621,INR,2026-08-29T13:49:59,2026-08-13T09:00:00,razorpay
line_base_00065,setl_base_0004,rfnd_base_0002,REFUND,pay_base_0039,979900,0,0,-979900,INR,2026-08-10T17:28:34,2026-08-13T09:00:00,razorpay
line_base_00066,setl_base_0004,rfnd_base_0015,REFUND,pay_base_0029,1881100,0,0,-1881100,INR,2026-08-08T07:29:06,2026-08-13T09:00:00,razorpay
line_base_00067,setl_base_0004,adj_base_0005,ADJUSTMENT,,6300,0,0,6300,INR,2026-08-13T09:00:00,2026-08-13T09:00:00,razorpay
line_base_00068,setl_base_0005,pay_base_0005,PAYMENT,pay_base_0005,519400,10388,1869,507143,INR,2026-08-02T09:04:32,2026-08-16T09:00:00,razorpay
line_base_00069,setl_base_0005,pay_base_0016,PAYMENT,pay_base_0016,164300,3286,591,160423,INR,2026-08-04T13:52:49,2026-08-16T09:00:00,razorpay
line_base_00070,setl_base_0005,pay_base_0026,PAYMENT,pay_base_0026,822300,16446,2960,802894,INR,2026-08-06T13:50:27,2026-08-16T09:00:00,razorpay
line_base_00071,setl_base_0005,pay_base_0036,PAYMENT,pay_base_0036,2403700,48074,8653,2346973,INR,2026-08-08T13:52:53,2026-08-16T09:00:00,razorpay
line_base_00072,setl_base_0005,pay_base_0047,PAYMENT,pay_base_0047,1133500,22670,4080,1106750,INR,2026-08-10T18:37:06,2026-08-16T09:00:00,razorpay
line_base_00073,setl_base_0005,pay_base_0057,PAYMENT,pay_base_0057,87500,1750,315,85435,INR,2026-08-12T18:39:19,2026-08-16T09:00:00,razorpay
line_base_00074,setl_base_0005,pay_base_0068,PAYMENT,pay_base_0068,1027100,20542,3697,1002861,INR,2026-08-14T23:25:41,2026-08-16T09:00:00,razorpay
line_base_00075,setl_base_0005,pay_base_0078,PAYMENT,pay_base_0078,29300,586,105,28609,INR,2026-08-16T23:28:43,2026-08-16T09:00:00,razorpay
line_base_00076,setl_base_0005,pay_base_0089,PAYMENT,pay_base_0089,1950100,39002,7020,1904078,INR,2026-08-19T04:14:26,2026-08-16T09:00:00,razorpay
line_base_00077,setl_base_0005,pay_base_0099,PAYMENT,pay_base_0099,807200,16144,2905,788151,INR,2026-08-21T04:16:59,2026-08-16T09:00:00,razorpay
line_base_00078,setl_base_0005,pay_base_0111,PAYMENT,pay_base_0111,2268900,45378,8168,2215354,INR,2026-08-23T13:52:31,2026-08-16T09:00:00,razorpay
line_base_00079,setl_base_0005,pay_base_0121,PAYMENT,pay_base_0121,2181100,43622,7851,2129627,INR,2026-08-25T13:49:22,2026-08-16T09:00:00,razorpay
line_base_00080,setl_base_0005,pay_base_0132,PAYMENT,pay_base_0132,1259200,25184,4533,1229483,INR,2026-08-27T18:41:29,2026-08-16T09:00:00,razorpay
line_base_00081,setl_base_0005,pay_base_0143,PAYMENT,pay_base_0143,2272000,45440,8179,2218381,INR,2026-08-29T23:25:44,2026-08-16T09:00:00,razorpay
line_base_00082,setl_base_0005,rfnd_base_0003,REFUND,pay_base_0061,949650,0,0,-949650,INR,2026-08-15T08:05:38,2026-08-16T09:00:00,razorpay
line_base_00083,setl_base_0005,adj_base_0008,ADJUSTMENT,,7600,0,0,7600,INR,2026-08-15T09:00:00,2026-08-16T09:00:00,razorpay
line_base_00084,setl_base_0006,pay_base_0006,PAYMENT,pay_base_0006,1137000,22740,4093,1110167,INR,2026-08-02T13:51:53,2026-08-19T09:00:00,razorpay
line_base_00085,setl_base_0006,pay_base_0017,PAYMENT,pay_base_0017,218100,4362,785,212953,INR,2026-08-04T18:38:16,2026-08-19T09:00:00,razorpay
line_base_00086,setl_base_0006,pay_base_0027,PAYMENT,pay_base_0027,242600,4852,873,236875,INR,2026-08-06T18:37:46,2026-08-19T09:00:00,razorpay
line_base_00087,setl_base_0006,pay_base_0038,PAYMENT,pay_base_0038,197300,3946,710,192644,INR,2026-08-08T23:26:14,2026-08-19T09:00:00,razorpay
line_base_00088,setl_base_0006,pay_base_0048,PAYMENT,pay_base_0048,2088400,41768,7518,2039114,INR,2026-08-10T23:26:59,2026-08-19T09:00:00,razorpay
line_base_00089,setl_base_0006,pay_base_0058,PAYMENT,pay_base_0058,2112000,42240,7603,2062157,INR,2026-08-12T23:25:50,2026-08-19T09:00:00,razorpay
line_base_00090,setl_base_0006,pay_base_0069,PAYMENT,pay_base_0069,1368000,27360,4924,1335716,INR,2026-08-15T04:16:22,2026-08-19T09:00:00,razorpay
line_base_00091,setl_base_0006,pay_base_0079,PAYMENT,pay_base_0079,2459400,49188,8853,2401359,INR,2026-08-17T04:16:58,2026-08-19T09:00:00,razorpay
line_base_00092,setl_base_0006,pay_base_0090,PAYMENT,pay_base_0090,1864400,37288,6711,1820401,INR,2026-08-19T09:03:48,2026-08-19T09:00:00,razorpay
line_base_00093,setl_base_0006,pay_base_0100,PAYMENT,pay_base_0100,1813500,36270,6528,1770702,INR,2026-08-21T09:02:22,2026-08-19T09:00:00,razorpay
line_base_00094,setl_base_0006,pay_base_0112,PAYMENT,pay_base_0112,2262400,45248,8144,2209008,INR,2026-08-23T18:38:43,2026-08-19T09:00:00,razorpay
line_base_00095,setl_base_0006,pay_base_0122,PAYMENT,pay_base_0122,298500,5970,1074,291456,INR,2026-08-25T18:40:57,2026-08-19T09:00:00,razorpay
line_base_00096,setl_base_0006,pay_base_0133,PAYMENT,pay_base_0133,1097800,21956,3952,1071892,INR,2026-08-27T23:25:59,2026-08-19T09:00:00,razorpay
line_base_00097,setl_base_0006,pay_base_0144,PAYMENT,pay_base_0144,1259600,25192,4534,1229874,INR,2026-08-30T04:16:14,2026-08-19T09:00:00,razorpay
line_base_00098,setl_base_0006,rfnd_base_0008,REFUND,pay_base_0071,2290300,0,0,-2290300,INR,2026-08-17T10:08:14,2026-08-19T09:00:00,razorpay
line_base_00099,setl_base_0007,pay_base_0007,PAYMENT,pay_base_0007,1818900,36378,6548,1775974,INR,2026-08-02T18:37:12,2026-08-22T09:00:00,razorpay
line_base_00100,setl_base_0007,pay_base_0018,PAYMENT,pay_base_0018,1769500,35390,6370,1727740,INR,2026-08-04T23:25:50,2026-08-22T09:00:00,razorpay
line_base_00101,setl_base_0007,pay_base_0028,PAYMENT,pay_base_0028,1092700,21854,3933,1066913,INR,2026-08-06T23:26:28,2026-08-22T09:00:00,razorpay
line_base_00102,setl_base_0007,pay_base_0039,PAYMENT,pay_base_0039,1959800,39196,7055,1913549,INR,2026-08-09T04:13:34,2026-08-22T09:00:00,razorpay
line_base_00103,setl_base_0007,pay_base_0049,PAYMENT,pay_base_0049,2438800,48776,8779,2381245,INR,2026-08-11T04:14:25,2026-08-22T09:00:00,razorpay
line_base_00104,setl_base_0007,pay_base_0060,PAYMENT,pay_base_0060,2397200,47944,8629,2340627,INR,2026-08-13T09:01:58,2026-08-22T09:00:00,razorpay
line_base_00105,setl_base_0007,pay_base_0070,PAYMENT,pay_base_0070,1319500,26390,4750,1288360,INR,2026-08-15T09:02:38,2026-08-22T09:00:00,razorpay
line_base_00106,setl_base_0007,pay_base_0080,PAYMENT,pay_base_0080,904300,18086,3255,882959,INR,2026-08-17T09:04:42,2026-08-22T09:00:00,razorpay
line_base_00107,setl_base_0007,pay_base_0091,PAYMENT,pay_base_0091,1667900,33358,6004,1628538,INR,2026-08-19T13:52:20,2026-08-22T09:00:00,razorpay
line_base_00108,setl_base_0007,pay_base_0101,PAYMENT,pay_base_0101,641000,12820,2307,625873,INR,2026-08-21T13:52:59,2026-08-22T09:00:00,razorpay
line_base_00109,setl_base_0007,pay_base_0113,PAYMENT,pay_base_0113,386000,7720,1389,376891,INR,2026-08-23T23:26:49,2026-08-22T09:00:00,razorpay
line_base_00110,setl_base_0007,pay_base_0123,PAYMENT,pay_base_0123,187600,3752,675,183173,INR,2026-08-25T23:26:36,2026-08-22T09:00:00,razorpay
line_base_00111,setl_base_0007,pay_base_0134,PAYMENT,pay_base_0134,1507200,30144,5425,1471631,INR,2026-08-28T04:15:11,2026-08-22T09:00:00,razorpay
line_base_00112,setl_base_0007,pay_base_0145,PAYMENT,pay_base_0145,36500,730,131,35639,INR,2026-08-30T09:05:42,2026-08-22T09:00:00,razorpay
line_base_00113,setl_base_0007,rfnd_base_0005,REFUND,pay_base_0098,1570000,0,0,-1570000,INR,2026-08-21T03:43:46,2026-08-22T09:00:00,razorpay
line_base_00114,setl_base_0007,rfnd_base_0012,REFUND,pay_base_0099,403600,0,0,-403600,INR,2026-08-21T23:31:59,2026-08-22T09:00:00,razorpay
line_base_00115,setl_base_0007,adj_base_0001,ADJUSTMENT,,12500,0,0,-12500,INR,2026-08-21T09:00:00,2026-08-22T09:00:00,razorpay
line_base_00116,setl_base_0008,pay_base_0008,PAYMENT,pay_base_0008,2176800,43536,7836,2125428,INR,2026-08-02T23:28:06,2026-08-25T09:00:00,razorpay
line_base_00117,setl_base_0008,pay_base_0019,PAYMENT,pay_base_0019,1434600,28692,5164,1400744,INR,2026-08-05T04:14:38,2026-08-25T09:00:00,razorpay
line_base_00118,setl_base_0008,pay_base_0029,PAYMENT,pay_base_0029,1881100,37622,6771,1836707,INR,2026-08-07T04:14:06,2026-08-25T09:00:00,razorpay
line_base_00119,setl_base_0008,pay_base_0040,PAYMENT,pay_base_0040,278600,5572,1002,272026,INR,2026-08-09T09:03:01,2026-08-25T09:00:00,razorpay
line_base_00120,setl_base_0008,pay_base_0050,PAYMENT,pay_base_0050,128000,2560,460,124980,INR,2026-08-11T09:04:23,2026-08-25T09:00:00,razorpay
line_base_00121,setl_base_0008,pay_base_0061,PAYMENT,pay_base_0061,1899300,37986,6837,1854477,INR,2026-08-13T13:50:38,2026-08-25T09:00:00,razorpay
line_base_00122,setl_base_0008,pay_base_0071,PAYMENT,pay_base_0071,2290300,45806,8245,2236249,INR,2026-08-15T13:53:14,2026-08-25T09:00:00,razorpay
line_base_00123,setl_base_0008,pay_base_0081,PAYMENT,pay_base_0081,2049000,40980,7376,2000644,INR,2026-08-17T13:49:58,2026-08-25T09:00:00,razorpay
line_base_00124,setl_base_0008,pay_base_0092,PAYMENT,pay_base_0092,1516400,30328,5459,1480613,INR,2026-08-19T18:41:43,2026-08-25T09:00:00,razorpay
line_base_00125,setl_base_0008,pay_base_0102,PAYMENT,pay_base_0102,2384300,47686,8583,2328031,INR,2026-08-21T18:38:32,2026-08-25T09:00:00,razorpay
line_base_00126,setl_base_0008,pay_base_0114,PAYMENT,pay_base_0114,1017900,20358,3664,993878,INR,2026-08-24T04:15:54,2026-08-25T09:00:00,razorpay
line_base_00127,setl_base_0008,pay_base_0124,PAYMENT,pay_base_0124,1809600,36192,6514,1766894,INR,2026-08-26T04:15:22,2026-08-25T09:00:00,razorpay
line_base_00128,setl_base_0008,pay_base_0135,PAYMENT,pay_base_0135,2052200,41044,7387,2003769,INR,2026-08-28T09:05:39,2026-08-25T09:00:00,razorpay
line_base_00129,setl_base_0008,pay_base_0146,PAYMENT,pay_base_0146,947800,18956,3412,925432,INR,2026-08-30T13:51:07,2026-08-25T09:00:00,razorpay
line_base_00130,setl_base_0008,rfnd_base_0004,REFUND,pay_base_0107,411600,0,0,-411600,INR,2026-08-23T15:54:19,2026-08-25T09:00:00,razorpay
line_base_00131,setl_base_0008,rfnd_base_0013,REFUND,pay_base_0102,2384300,0,0,-2384300,INR,2026-08-23T00:53:32,2026-08-25T09:00:00,razorpay
line_base_00132,setl_base_0008,adj_base_0006,ADJUSTMENT,,45400,0,0,-45400,INR,2026-08-20T09:00:00,2026-08-25T09:00:00,razorpay
line_base_00133,setl_base_0009,pay_base_0009,PAYMENT,pay_base_0009,1495700,29914,5384,1460402,INR,2026-08-03T04:15:35,2026-08-28T09:00:00,razorpay
line_base_00134,setl_base_0009,pay_base_0020,PAYMENT,pay_base_0020,358600,7172,1290,350138,INR,2026-08-05T09:05:32,2026-08-28T09:00:00,razorpay
line_base_00135,setl_base_0009,pay_base_0030,PAYMENT,pay_base_0030,1422400,28448,5120,1388832,INR,2026-08-07T09:01:28,2026-08-28T09:00:00,razorpay
line_base_00136,setl_base_0009,pay_base_0041,PAYMENT,pay_base_0041,2356800,47136,8484,2301180,INR,2026-08-09T13:49:12,2026-08-28T09:00:00,razorpay
line_base_00137,setl_base_0009,pay_base_0051,PAYMENT,pay_base_0051,147000,2940,529,143531,INR,2026-08-11T13:51:24,2026-08-28T09:00:00,razorpay
line_base_00138,setl_base_0009,pay_base_0062,PAYMENT,pay_base_0062,1423200,28464,5123,1389613,INR,2026-08-13T18:38:24,2026-08-28T09:00:00,razorpay
line_base_00139,setl_base_0009,pay_base_0072,PAYMENT,pay_base_0072,1750400,35008,6301,1709091,INR,2026-08-15T18:41:20,2026-08-28T09:00:00,razorpay
line_base_00140,setl_base_0009,pay_base_0082,PAYMENT,pay_base_0082,1414400,28288,5091,1381021,INR,2026-08-17T18:38:52,2026-08-28T09:00:00,razorpay
line_base_00141,setl_base_0009,pay_base_0093,PAYMENT,pay_base_0093,895000,17900,3222,873878,INR,2026-08-19T23:27:12,2026-08-28T09:00:00,razorpay
line_base_00142,setl_base_0009,pay_base_0103,PAYMENT,pay_base_0103,755400,15108,2719,737573,INR,2026-08-21T23:25:01,2026-08-28T09:00:00,razorpay
line_base_00143,setl_base_0009,pay_base_0115,PAYMENT,pay_base_0115,1328900,26578,4784,1297538,INR,2026-08-24T09:04:24,2026-08-28T09:00:00,razorpay
line_base_00144,setl_base_0009,pay_base_0125,PAYMENT,pay_base_0125,528900,10578,1904,516418,INR,2026-08-26T09:02:16,2026-08-28T09:00:00,razorpay
line_base_00145,setl_base_0009,pay_base_0136,PAYMENT,pay_base_0136,1782800,35656,6418,1740726,INR,2026-08-28T13:49:48,2026-08-28T09:00:00,razorpay
line_base_00146,setl_base_0009,pay_base_0147,PAYMENT,pay_base_0147,633000,12660,2278,618062,INR,2026-08-30T18:37:14,2026-08-28T09:00:00,razorpay
line_base_00147,setl_base_0009,rfnd_base_0011,REFUND,pay_base_0123,93800,0,0,-93800,INR,2026-08-27T08:41:36,2026-08-28T09:00:00,razorpay
line_base_00148,setl_base_0009,rfnd_base_0014,REFUND,pay_base_0100,906750,0,0,-906750,INR,2026-08-22T10:17:22,2026-08-28T09:00:00,razorpay
line_base_00149,setl_base_0009,adj_base_0003,ADJUSTMENT,,11600,0,0,-11600,INR,2026-08-27T09:00:00,2026-08-28T09:00:00,razorpay
line_base_00150,setl_base_0010,pay_base_0010,PAYMENT,pay_base_0010,2249800,44996,8099,2196705,INR,2026-08-03T09:02:27,2026-08-31T09:00:00,razorpay
line_base_00151,setl_base_0010,pay_base_0021,PAYMENT,pay_base_0021,661700,13234,2382,646084,INR,2026-08-05T13:51:51,2026-08-31T09:00:00,razorpay
line_base_00152,setl_base_0010,pay_base_0031,PAYMENT,pay_base_0031,1329300,26586,4785,1297929,INR,2026-08-07T13:50:54,2026-08-31T09:00:00,razorpay
line_base_00153,setl_base_0010,pay_base_0042,PAYMENT,pay_base_0042,1511700,30234,5442,1476024,INR,2026-08-09T18:41:10,2026-08-31T09:00:00,razorpay
line_base_00154,setl_base_0010,pay_base_0052,PAYMENT,pay_base_0052,346800,6936,1248,338616,INR,2026-08-11T18:39:31,2026-08-31T09:00:00,razorpay
line_base_00155,setl_base_0010,pay_base_0063,PAYMENT,pay_base_0063,994000,19880,3578,970542,INR,2026-08-13T23:25:52,2026-08-31T09:00:00,razorpay
line_base_00156,setl_base_0010,pay_base_0073,PAYMENT,pay_base_0073,1805200,36104,6498,1762598,INR,2026-08-15T23:27:34,2026-08-31T09:00:00,razorpay
line_base_00157,setl_base_0010,pay_base_0083,PAYMENT,pay_base_0083,1081000,21620,3891,1055489,INR,2026-08-17T23:25:31,2026-08-31T09:00:00,razorpay
line_base_00158,setl_base_0010,pay_base_0094,PAYMENT,pay_base_0094,814400,16288,2931,795181,INR,2026-08-20T04:15:27,2026-08-31T09:00:00,razorpay
line_base_00159,setl_base_0010,pay_base_0105,PAYMENT,pay_base_0105,1548100,30962,5573,1511565,INR,2026-08-22T09:01:33,2026-08-31T09:00:00,razorpay
line_base_00160,setl_base_0010,pay_base_0116,PAYMENT,pay_base_0116,1969600,39392,7090,1923118,INR,2026-08-24T13:49:35,2026-08-31T09:00:00,razorpay
line_base_00161,setl_base_0010,pay_base_0126,PAYMENT,pay_base_0126,514500,10290,1852,502358,INR,2026-08-26T13:53:03,2026-08-31T09:00:00,razorpay
line_base_00162,setl_base_0010,pay_base_0137,PAYMENT,pay_base_0137,332500,6650,1197,324653,INR,2026-08-28T18:40:32,2026-08-31T09:00:00,razorpay
line_base_00163,setl_base_0010,pay_base_0148,PAYMENT,pay_base_0148,1454400,29088,5235,1420077,INR,2026-08-30T23:28:09,2026-08-31T09:00:00,razorpay
line_base_00164,setl_base_0010,adj_base_0004,ADJUSTMENT,,13900,0,0,13900,INR,2026-08-29T09:00:00,2026-08-31T09:00:00,razorpay
line_scen_001_p_6327,setl_scen_001_9984,pay_scen_001_3067,PAYMENT,pay_scen_001_3067,500000,10000,1800,488200,INR,2026-08-03T09:06:00,2026-08-04T09:00:00,razorpay
line_scen_001_r_7240,setl_scen_001_9984,rfnd_scen_001_5505,REFUND,pay_scen_001_3067,200000,0,0,-200000,INR,2026-08-03T12:00:00,2026-08-04T09:00:00,razorpay
line_scen_002_p_7779,setl_scen_002_8398,pay_scen_002_r_2624,PAYMENT,pay_scen_002_r_2624,800000,16000,2880,781120,INR,2026-08-06T09:06:00,2026-08-07T09:00:00,razorpay
line_scen_002_r_6553,setl_scen_002_8398,rfnd_scen_002_real_4522,REFUND,pay_scen_002_r_2624,250000,0,0,-250000,INR,2026-08-06T11:00:00,2026-08-07T09:00:00,razorpay
line_scen_003_p_6120,setl_scen_003_7992,pay_scen_003_2557,PAYMENT,pay_scen_003_2557,1000000,20000,3600,976400,INR,2026-08-09T09:02:00,2026-08-10T09:00:00,razorpay
line_scen_003_r_5176,setl_scen_003_7992,rfnd_scen_003_6120,REFUND,pay_scen_003_2557,300000,0,0,-300000,INR,2026-08-09T11:00:00,2026-08-10T09:00:00,razorpay
line_scen_004_p_7105,setl_scen_004_2582,pay_scen_004_2398,PAYMENT,pay_scen_004_2398,1500000,30000,5400,1464600,INR,2026-08-12T09:02:00,2026-08-13T09:00:00,razorpay
line_scen_004_r_3131,setl_scen_004_2582,rfnd_scen_004_2527,REFUND,pay_scen_004_2398,70000,0,0,-70000,INR,2026-08-12T11:00:00,2026-08-13T09:00:00,razorpay
line_scen_004_a_1982,setl_scen_004_2582,adj_scen_004_8075,ADJUSTMENT,,30000,0,0,-30000,INR,2026-08-12T12:00:00,2026-08-13T09:00:00,razorpay
line_scen_005_p_2697,setl_scen_005_6761,pay_scen_005_1842,PAYMENT,pay_scen_005_1842,350000,7000,1260,341740,INR,2026-08-15T09:27:00,2026-08-16T09:00:00,razorpay
line_scen_007_p_5477,setl_scen_007_3955,pay_scen_007_1474,PAYMENT,pay_scen_007_1474,2000000,40000,7200,1952800,INR,2026-08-21T09:01:00,2026-08-22T09:00:00,razorpay
line_scen_008_p_3324,setl_scen_008_2140,pay_scen_008_3347,PAYMENT,pay_scen_008_3347,1200000,24000,4320,1171680,INR,2026-08-24T09:01:00,2026-08-25T09:00:00,razorpay
line_scen_009_p_7062,setl_scen_009_6585,pay_scen_009_1_7163,PAYMENT,pay_scen_009_1_7163,900000,18000,3240,878760,INR,2026-08-27T09:01:00,2026-08-28T09:00:00,razorpay
line_scen_010_p_2336,setl_scen_010_1815,pay_scen_010_3579,PAYMENT,pay_scen_010_3579,3000000,60000,10800,2929200,INR,2026-08-29T09:01:00,2026-08-30T09:00:00,razorpay
